"Id","SalePrice.SalePrice.V1"
1461,128488.141952434
1462,168193.930861131
1463,191559.267882674
1464,195321.478486904
1465,183116.327326107
1466,173899.300975226
1467,171812.465945354
1468,164192.194745953
1469,186595.603132482
1470,123441.6417824
1471,200217.316615669
1472,92301.8535068861
1473,95565.0361987575
1474,151607.627606359
1475,116682.921852216
1476,385580.935184081
1477,260583.691189253
1478,296643.864960586
1479,279310.183769417
1480,518587.393320695
1481,326720.81688084
1482,206816.385416994
1483,186031.140618329
1484,161549.648070195
1485,177152.011657413
1486,199484.649918357
1487,343947.836847763
1488,236744.181349003
1489,198566.358646961
1490,243408.647458865
1491,197602.591011707
1492,95367.8465657981
1493,189073.118931438
1494,293392.338723817
1495,293308.595198183
1496,234667.915869569
1497,182875.386796784
1498,155821.859881004
1499,156078.095038561
1500,148782.828699479
1501,168822.531504466
1502,145436.246546537
1503,305643.028884451
1504,236294.672402692
1505,223097.630527669
1506,191391.133876723
1507,244318.134546857
1508,210375.338021746
1509,166379.835852577
1510,147383.609573659
1511,148729.855206474
1512,176529.362499423
1513,142886.777026689
1514,173798.575742336
1515,213941.083337154
1516,163924.780819494
1517,166980.364939391
1518,128201.953203459
1519,223147.750440728
1520,132784.848898964
1521,140482.931936037
1522,167222.169621563
1523,110181.120416903
1524,128902.672646255
1525,126766.677055792
1526,122618.060017106
1527,101113.388252849
1528,140063.358430731
1529,142310.076908891
1530,175482.237458785
1531,99578.9371033666
1532,101146.550064391
1533,148789.301821416
1534,121851.921575574
1535,168300.631247812
1536,111593.511790905
1537,60110.4520788568
1538,181907.840519991
1539,214465.072008099
1540,98453.6141574637
1541,148243.128046362
1542,144960.32875034
1543,211065.930624325
1544,87241.5768882986
1545,114606.312990765
1546,125439.478456539
1547,140210.844543417
1548,139852.774915436
1549,113218.595726045
1550,135172.609167933
1551,118358.358489065
1552,137150.759751925
1553,159859.764135656
1554,108104.508078367
1555,182386.317365221
1556,95691.2477428861
1557,114037.442979699
1558,97251.4628844628
1559,87052.2045988315
1560,133849.164597945
1561,131246.194663781
1562,124390.627503447
1563,116354.361282458
1564,148005.410452027
1565,148028.439867096
1566,254608.616614179
1567,75212.6306498887
1568,233300.632425058
1569,131400.545603853
1570,136481.87790855
1571,124402.393775661
1572,150503.327663719
1573,255557.737814793
1574,113600.921632462
1575,234364.368884305
1576,246579.908584139
1577,187851.334879177
1578,151762.416905535
1579,150707.953394877
1580,195205.064435389
1581,157042.407841207
1582,129099.178018956
1583,328193.209311253
1584,224943.395111506
1585,140701.497327481
1586,82274.6841658408
1587,100574.831351702
1588,144516.84888307
1589,107325.245182004
1590,129384.14735475
1591,89639.0161014638
1592,117145.769340372
1593,123084.100524899
1594,156511.538458497
1595,101803.56376448
1596,225957.688896389
1597,182182.293887176
1598,216903.145007067
1599,181233.955682935
1600,176204.830923313
1601,69300.2382599902
1602,105650.31750682
1603,93522.0637637922
1604,265143.946591792
1605,253986.668436378
1606,172418.804851296
1607,160364.612274008
1608,214627.669868066
1609,194155.110001525
1610,158507.584260075
1611,142745.057323112
1612,170676.017348535
1613,163028.418903512
1614,116875.881160211
1615,90350.7415880123
1616,70567.0070623454
1617,94783.1917694534
1618,125510.522995706
1619,142184.321449367
1620,166642.908039626
1621,140039.230687785
1622,139063.100294885
1623,265296.501322186
1624,212249.237199758
1625,129106.924010608
1626,166285.444226928
1627,189768.252965001
1628,280702.654581975
1629,172667.677554629
1630,388563.186813958
1631,218309.878982226
1632,246877.975136178
1633,160627.657992989
1634,182521.621699802
1635,176088.514530614
1636,153452.421715335
1637,203138.914679532
1638,209779.085606316
1639,190093.189064205
1640,273851.338119082
1641,186330.122448625
1642,229473.513908952
1643,224567.240843634
1644,228931.540061772
1645,188168.663244599
1646,160252.491639535
1647,162401.921898453
1648,130555.126320143
1649,137085.088525073
1650,117417.806585869
1651,126825.581629278
1652,92853.5664659007
1653,95602.5341059389
1654,142505.989638594
1655,141378.547959065
1656,140671.98881767
1657,145605.900659316
1658,139465.379738321
1659,126186.570605146
1660,152009.956140956
1661,492284.618853466
1662,423791.819238288
1663,387368.848463291
1664,512839.170982161
1665,322335.920041582
1666,330557.623803469
1667,374612.949318981
1668,339235.461655028
1669,305737.894347544
1670,367256.198987841
1671,275599.516478076
1672,472179.129804874
1673,309102.416260583
1674,244576.559173745
1675,189546.57294131
1676,189016.903882796
1677,226637.625046089
1678,484599.490150273
1679,417882.282654851
1680,340106.237865294
1681,254612.803225249
1682,299792.841310517
1683,174636.742354672
1684,179416.297995373
1685,171362.802589741
1686,162740.286200223
1687,163960.230537477
1688,191163.106468383
1689,193858.407681482
1690,190632.258232381
1691,176628.338865385
1692,265540.819878513
1693,165819.229621713
1694,178754.101697211
1695,160942.53601932
1696,290602.098872236
1697,167285.782476242
1698,384181.156470235
1699,315621.23280288
1700,243738.995636773
1701,268771.621698157
1702,258023.432832232
1703,256853.894697644
1704,293533.890579258
1705,230126.125000457
1706,470364.777899613
1707,207227.947858419
1708,202198.466238522
1709,274910.940290957
1710,216156.463162505
1711,258156.730224431
1712,247991.580319529
1713,288577.725035913
1714,224773.570641828
1715,204805.440407022
1716,184454.419375815
1717,171450.400202002
1718,132133.999163085
1719,207254.092495278
1720,242742.857852445
1721,178256.667730494
1722,136294.807572866
1723,166679.410146624
1724,208406.458772954
1725,239320.629682606
1726,189553.263712203
1727,155512.163390286
1728,182970.480440063
1729,164303.037672622
1730,156106.651214867
1731,121896.983829967
1732,121437.66854649
1733,115976.463219815
1734,125344.907276092
1735,129973.064351514
1736,116090.044148931
1737,374727.365968697
1738,232186.271640556
1739,311838.365041556
1740,223395.566107515
1741,188820.016696356
1742,168349.636950103
1743,171503.372121357
1744,312933.959384894
1745,246013.325272976
1746,220474.16626424
1747,223306.122475139
1748,238298.821928187
1749,151236.221593496
1750,136796.261994974
1751,249490.364740267
1752,120203.602794998
1753,152043.424983958
1754,199565.855967427
1755,173625.888499286
1756,128009.395744796
1757,120233.097370615
1758,138849.005308448
1759,174083.033733684
1760,162621.310709655
1761,150569.31749126
1762,177478.750756872
1763,169711.161968082
1764,116121.769245387
1765,184151.036976188
1766,180571.79116352
1767,225050.25405069
1768,146028.016483555
1769,178372.741976924
1770,146055.168181423
1771,127415.592750038
1772,136667.879710087
1773,126338.277766578
1774,125189.48857332
1775,139378.56162842
1776,124345.406399917
1777,112310.545092464
1778,140953.511715487
1779,117265.032513145
1780,182460.439147998
1781,136731.688355941
1782,83290.7100704704
1783,144167.123682561
1784,100229.583471079
1785,131322.25154566
1786,158162.880115904
1787,165322.444212644
1788,60887.3828680411
1789,111369.976442945
1790,73762.2701348848
1791,177519.730814336
1792,163613.449267026
1793,142210.30252155
1794,152762.343229435
1795,140773.10769458
1796,118173.491108059
1797,127995.989477052
1798,121553.209427461
1799,110404.812798961
1800,117805.924154885
1801,140265.426641403
1802,147087.446049224
1803,149350.201323184
1804,143611.866846048
1805,139497.714508734
1806,121281.716654174
1807,130679.819806224
1808,135079.626075608
1809,122777.078292913
1810,140889.118925722
1811,92858.776374317
1812,97521.3384093117
1813,120224.324170198
1814,95964.7824678122
1815,56989.4684016041
1816,101625.436279927
1817,110130.524750291
1818,171476.628803044
1819,121674.574234959
1820,51213.3053677006
1821,109677.921201743
1822,150525.628015019
1823,40729.8745604786
1824,135698.307915492
1825,123038.452354499
1826,98718.9493436939
1827,100242.533356589
1828,139362.176738684
1829,127190.238598613
1830,148573.342483013
1831,164955.523180227
1832,88895.4699677782
1833,139216.139105175
1834,120983.394082113
1835,134911.286686375
1836,128646.899164421
1837,89374.0702204729
1838,131919.683752439
1839,94368.2880233896
1840,157974.498612095
1841,140328.21700211
1842,82586.3755395328
1843,141937.679845504
1844,129582.193604989
1845,144401.804732113
1846,155651.535709982
1847,169790.837147256
1848,57051.6479302623
1849,117570.079510603
1850,113177.423138833
1851,154943.719068653
1852,123876.286171432
1853,120596.379484885
1854,175205.371568451
1855,158891.363039761
1856,222857.07303294
1857,179286.831293271
1858,143245.431285213
1859,121256.598321986
1860,148207.697690462
1861,120161.330702457
1862,282012.903662194
1863,277204.892050949
1864,277257.693481695
1865,332709.210939939
1866,334162.201069803
1867,235674.364185172
1868,298919.372438379
1869,201681.22609804
1870,242894.816978688
1871,241118.931482028
1872,170949.643295497
1873,243940.781378556
1874,148809.97361565
1875,212367.570396845
1876,196335.659768594
1877,224068.221775886
1878,208114.054088489
1879,136662.513925389
1880,135332.083959717
1881,255633.569534678
1882,255053.086777786
1883,196428.171241234
1884,214704.630797376
1885,264763.290236882
1886,293377.964335872
1887,207115.719616692
1888,289236.957463499
1889,165346.983530522
1890,135664.804221592
1891,135903.485852743
1892,97826.4111578365
1893,137785.073995973
1894,133067.382657446
1895,145015.673093688
1896,123295.027587417
1897,114680.735345469
1898,112867.886715647
1899,146851.282456028
1900,137020.30904904
1901,174186.939668436
1902,146963.474002863
1903,197563.707243728
1904,132969.05180857
1905,193892.756149115
1906,182406.691069265
1907,212818.330942501
1908,109347.292228434
1909,133156.713488056
1910,118467.865418887
1911,213323.683382507
1912,331274.222349775
1913,162612.870717547
1914,74103.6902367557
1915,320870.131551455
1916,75570.5169511972
1917,271343.973169391
1918,142596.41178802
1919,166937.002265302
1920,159354.784290773
1921,423054.319595323
1922,327355.294912517
1923,229403.664247872
1924,222592.563233689
1925,216946.210785921
1926,391218.916279887
1927,142775.847982459
1928,162201.079660347
1929,123099.902004205
1930,126862.322428613
1931,139014.024715781
1932,139592.404479926
1933,172223.868147563
1934,182902.918311826
1935,167762.354710191
1936,186239.668170222
1937,189122.136650746
1938,181035.538469697
1939,247261.44422808
1940,177036.330786219
1941,179284.956772827
1942,193905.46889598
1943,192525.14523478
1944,334862.423832007
1945,395792.424754025
1946,163180.182873393
1947,325331.269570231
1948,193555.740282507
1949,250056.91735184
1950,185346.93165322
1951,269762.265600896
1952,235626.515454975
1953,169757.478412445
1954,202071.534546532
1955,140530.303719335
1956,341955.804060407
1957,159298.508792074
1958,307042.712432841
1959,141662.79482236
1960,116512.492043995
1961,116160.609016594
1962,97231.9944833584
1963,104718.263907432
1964,109481.03670716
1965,140589.666987714
1966,139290.371868925
1967,292314.774086879
1968,436074.217405521
1969,409797.846092266
1970,459017.018016582
1971,465914.038454792
1972,389463.625747852
1973,263267.733271803
1974,320113.915437613
1975,499176.543599707
1976,276864.084798114
1977,356028.730269885
1978,368227.36341144
1979,332305.566759536
1980,205283.77569776
1981,349756.858988802
1982,221520.019995762
1983,201962.457751389
1984,166652.711241866
1985,215161.668365773
1986,215950.762891362
1987,169265.830976835
1988,175569.934429695
1989,195341.19702435
1990,214515.422934258
1991,230962.881612173
1992,211859.430526013
1993,171159.239361058
1994,253389.805400663
1995,185351.81006127
1996,251861.006312208
1997,325942.225564912
1998,354671.550099443
1999,265494.721542408
2000,309406.963633599
2001,254380.598791249
2002,261743.774687586
2003,263668.381459587
2004,264425.831170666
2005,231019.88409311
2006,220379.447299329
2007,245972.455126661
2008,214471.377504757
2009,189000.271246277
2010,201391.834824061
2011,149851.942470883
2012,173825.08412739
2013,176856.00711936
2014,187195.188340361
2015,208825.638042115
2016,188895.981669372
2017,200941.473801217
2018,125188.576991757
2019,131560.615897495
2020,115805.48608303
2021,102985.290939766
2022,201093.716504434
2023,144794.740913298
2024,270438.01745626
2025,366073.120968368
2026,167916.995714532
2027,148066.584622649
2028,150709.516759492
2029,165426.139574232
2030,268448.325695107
2031,238318.717734183
2032,253761.482395514
2033,263845.891766724
2034,161943.01919754
2035,214568.39300241
2036,191432.406153891
2037,198545.085422328
2038,293844.840985661
2039,219100.353634493
2040,366477.774462471
2041,306999.411863455
2042,204187.580053868
2043,172529.670628924
2044,172256.922653695
2045,213761.815927245
2046,146590.198628136
2047,151053.062427345
2048,134364.397088387
2049,144294.59095934
2050,182816.581450452
2051,103619.619522247
2052,131172.222436302
2053,152452.184340303
2054,84683.1706951984
2055,162591.687850564
2056,139421.128856308
2057,121946.714238782
2058,228638.624482658
2059,128847.337195935
2060,175961.069722177
2061,182366.286537631
2062,133528.462133612
2063,115658.57724969
2064,144298.282682177
2065,126356.736919469
2066,168299.577463887
2067,122107.36927434
2068,135844.825925915
2069,86612.5947246428
2070,111461.166110232
2071,89650.7535806359
2072,132420.94638849
2073,141837.570446285
2074,182087.79924197
2075,151458.913055117
2076,121744.409706903
2077,148570.886062941
2078,121449.000887521
2079,138848.135638659
2080,120091.798956691
2081,126380.373008362
2082,130213.257202463
2083,140691.169427772
2084,107720.962351614
2085,121246.0307445
2086,131885.902741269
2087,131681.420124301
2088,89195.321923719
2089,71401.1805282462
2090,131479.522921712
2091,119381.911034788
2092,130554.638284863
2093,129587.528099155
2094,115271.570433729
2095,145795.270803752
2096,75508.2041651161
2097,97085.0151575228
2098,146555.160511901
2099,61116.81505495
2100,91515.5789205444
2101,118564.696260952
2102,131973.352601022
2103,97619.7652691212
2104,131854.854892156
2105,126614.912605829
2106,68799.2501121571
2107,206013.247919671
2108,117444.748370435
2109,108562.208914646
2110,122811.368591298
2111,156747.189502459
2112,133994.795882797
2113,120294.144857643
2114,115602.745844492
2115,161164.30985992
2116,116022.373256395
2117,144705.659522572
2118,111155.265398629
2119,112861.175316304
2120,111503.71837904
2121,94050.2682152516
2122,103587.01614428
2123,85143.062990049
2124,172731.540928654
2125,133481.594524286
2126,146854.030948077
2127,160850.207092928
2128,130614.179734544
2129,97705.1362508139
2130,145276.919667524
2131,158224.636405147
2132,120551.839609317
2133,122134.637544026
2134,110315.258964575
2135,93075.1885108541
2136,71305.7470688714
2137,118811.2507354
2138,139372.482070754
2139,150350.136697986
2140,143438.691937134
2141,141150.1355089
2142,125168.07896216
2143,134366.328660345
2144,119927.747174205
2145,142124.646141515
2146,164093.721164777
2147,148548.058149414
2148,139566.384586099
2149,150583.434568034
2150,230194.915151991
2151,105659.242621874
2152,183750.340432201
2153,167628.444450014
2154,108059.347824827
2155,145258.74561162
2156,285241.891934233
2157,234907.079316158
2158,239158.49562256
2159,211372.296167906
2160,175719.183151839
2161,246469.6889364
2162,400525.305345227
2163,359245.421501824
2164,237051.334681847
2165,184805.442270947
2166,152433.014338851
2167,215429.657452111
2168,211595.08551566
2169,200526.053303521
2170,230484.449922495
2171,152550.102016362
2172,136419.846651984
2173,179964.243516097
2174,238646.916086508
2175,305426.57233528
2176,317727.291963228
2177,248401.914825725
2178,217357.205596122
2179,139106.80779345
2180,223158.525124912
2181,191108.439002564
2182,226640.604617948
2183,188451.103385281
2184,127443.316503559
2185,121944.250362592
2186,148738.458807891
2187,146420.029883292
2188,151646.599583032
2189,205658.985135597
2190,82981.295298632
2191,81758.0847087339
2192,89091.3658142883
2193,121713.224359039
2194,110564.354538534
2195,109129.959273387
2196,99267.7274185041
2197,115450.153923268
2198,158360.971762965
2199,169031.785920591
2200,135167.292467257
2201,146266.092254142
2202,198012.215255958
2203,129349.384815629
2204,187863.016605511
2205,111937.947293866
2206,146446.433764819
2207,192728.598138961
2208,253765.72334653
2209,219618.337976938
2210,116441.29376601
2211,116328.042773123
2212,115996.173825166
2213,108607.394649764
2214,125476.677284688
2215,97392.5157249181
2216,152617.315076328
2217,80139.0175458975
2218,82640.6461822708
2219,77161.7474122559
2220,89094.8061244734
2221,321737.85703127
2222,263742.640783125
2223,289407.724469135
2224,212634.933853091
2225,125690.882799989
2226,188989.246834934
2227,190831.447407995
2228,264087.475159052
2229,255928.640190235
2230,159436.905908376
2231,218142.638410914
2232,181004.828756444
2233,189361.816681
2234,242154.519113924
2235,224739.276616367
2236,273893.22728995
2237,334321.04772871
2238,201991.403366996
2239,123060.9002471
2240,158520.015676784
2241,163920.163536051
2242,119773.486175299
2243,121991.727987293
2244,102912.93538864
2245,96173.0887518744
2246,157018.550632285
2247,112788.352964455
2248,123513.884513566
2249,123195.811304221
2250,139116.269761863
2251,140859.555376855
2252,181014.033831558
2253,149328.674852778
2254,170810.510421522
2255,194841.134350343
2256,184589.107757524
2257,209418.920880245
2258,168600.829277283
2259,171018.137539987
2260,181432.721269306
2261,169030.828474292
2262,199439.094389298
2263,374200.928476061
2264,410429.669841058
2265,211062.201392869
2266,296770.690540091
2267,406383.589367553
2268,419680.31989833
2269,149962.668035891
2270,199246.776579488
2271,222624.657104042
2272,203557.883144459
2273,170922.386185665
2274,180476.933077341
2275,167009.826702886
2276,182657.440573859
2277,190307.786945687
2278,151979.241510197
2279,129938.301440217
2280,132770.204679505
2281,163029.19860715
2282,197100.766873296
2283,105990.132962652
2284,119039.527629106
2285,139502.457414454
2286,123416.399137839
2287,358005.774247902
2288,272222.470863215
2289,396425.190510019
2290,456567.781109154
2291,334626.225584569
2292,445982.638747661
2293,471324.096485095
2294,411933.929264297
2295,444377.514004014
2296,286985.62222322
2297,312992.481126681
2298,319854.944239947
2299,403045.809604027
2300,349881.454960728
2301,285361.402525491
2302,254116.889783878
2303,249514.649960556
2304,255699.848978048
2305,185420.663008899
2306,183462.062098229
2307,188383.590550736
2308,219050.762131728
2309,283802.202414815
2310,207277.4875029
2311,197293.738932225
2312,191850.215602795
2313,180225.331797435
2314,183056.419711166
2315,177031.470210663
2316,198700.92828663
2317,192014.439653757
2318,177854.419170736
2319,177265.603737273
2320,183106.192719938
2321,235131.01818759
2322,170403.51796476
2323,193405.938705374
2324,169135.515009525
2325,213561.360005099
2326,168615.763248774
2327,209151.949718427
2328,225294.465726868
2329,189079.952030172
2330,177521.031304105
2331,376150.07651092
2332,415113.880681327
2333,329773.701173611
2334,264811.741562365
2335,258493.252142599
2336,341906.620523727
2337,205949.209930488
2338,285245.792400876
2339,222419.537488554
2340,399756.110588079
2341,227751.540441911
2342,237211.884481878
2343,223150.171248346
2344,239890.030563842
2345,245267.937499753
2346,208287.262463132
2347,194895.382280079
2348,233100.98270196
2349,181488.276781007
2350,291809.66384451
2351,254660.959122472
2352,262251.459413415
2353,264711.897017428
2354,133425.68208258
2355,144771.225805937
2356,158958.063445444
2357,192902.945029466
2358,206058.245200121
2359,127612.501644526
2360,110963.689331702
2361,142638.925693834
2362,307624.852073481
2363,137423.049153239
2364,170850.752283468
2365,219129.302403374
2366,186170.664296883
2367,212358.337982907
2368,210238.143928964
2369,214817.02199406
2370,162998.214815208
2371,165614.416372457
2372,189623.80058164
2373,279767.450812527
2374,312225.131579138
2375,242448.240451824
2376,328726.052952353
2377,400039.376578951
2378,150604.12054815
2379,210133.254481123
2380,149260.124979799
2381,160635.667327034
2382,203050.621002697
2383,205238.342800775
2384,248393.335595495
2385,160784.32348962
2386,141451.025561027
2387,137555.393927459
2388,108873.861318171
2389,123730.769033054
2390,144063.45174852
2391,140049.149242311
2392,118565.215008819
2393,170909.656699674
2394,140512.690371841
2395,202066.996389502
2396,146183.899949569
2397,227552.347962316
2398,131132.527644355
2399,67181.5215564342
2400,59215.8515948725
2401,110050.313001494
2402,138043.073702818
2403,133116.830923095
2404,147727.955183705
2405,153507.688107655
2406,147308.108581523
2407,128703.118748693
2408,140496.447443129
2409,127656.448578698
2410,173188.659714744
2411,119745.017368946
2412,156126.235229648
2413,131866.260354196
2414,154575.358854571
2415,130398.0586198
2416,135260.148867119
2417,140147.322540943
2418,130380.061120975
2419,123449.407020584
2420,121382.590486098
2421,149950.963324233
2422,117834.348504373
2423,131086.395990278
2424,162058.837506305
2425,229301.626551778
2426,140585.607421524
2427,133885.551249734
2428,162620.615082843
2429,116716.495233306
2430,135135.348156659
2431,109504.896060618
2432,138053.764291934
2433,138796.226650174
2434,130389.260812076
2435,144924.892523383
2436,107507.913214931
2437,103175.162043077
2438,121719.049322325
2439,110979.39081263
2440,121216.638341219
2441,95893.955456672
2442,90066.6258867555
2443,118306.700510485
2444,122766.897511528
2445,84311.9565383992
2446,150836.666706388
2447,201690.190129873
2448,133031.04748487
2449,106843.364248881
2450,149820.855968664
2451,120643.455591936
2452,209568.054368079
2453,89667.3962161098
2454,123669.680104966
2455,115011.153270109
2456,144657.933117299
2457,130647.351962346
2458,119359.943811339
2459,108026.794169285
2460,133459.27353492
2461,121909.324965446
2462,132385.183639795
2463,118029.46175761
2464,178381.847296607
2465,141011.786000827
2466,115033.870760068
2467,139301.949859725
2468,77633.1953527082
2469,72131.6706482803
2470,202179.114941999
2471,212977.420055565
2472,166404.325075688
2473,118998.742010565
2474,78737.0783077946
2475,229164.533006458
2476,108113.816319608
2477,129456.294910367
2478,161565.443046813
2479,111609.056080807
2480,151649.578284852
2481,120843.873598322
2482,130202.79604186
2483,113620.522211788
2484,120298.485770254
2485,128114.977556366
2486,149735.560294205
2487,191455.975383991
2488,149264.906781245
2489,149834.347321951
2490,155116.340481538
2491,103448.446816963
2492,183109.122510806
2493,159760.195114008
2494,168993.317755641
2495,103715.961952369
2496,260199.556155562
2497,158865.72227733
2498,106558.038358658
2499,102411.669055784
2500,118951.094647693
2501,140721.005365465
2502,149502.714104665
2503,97977.7815925636
2504,206103.860467801
2505,228863.134316425
2506,252926.601782782
2507,307707.0367176
2508,254096.522124496
2509,221251.225838323
2510,219950.039979718
2511,176668.381354389
2512,207001.666662379
2513,215631.676695761
2514,261679.458086195
2515,151302.220068362
2516,176230.296950592
2517,140391.521260586
2518,157415.707139574
2519,221929.985115687
2520,215278.35787145
2521,193008.496720044
2522,226894.346058649
2523,128852.054289617
2524,134191.475268646
2525,148911.569262277
2526,134432.492928107
2527,122145.229188296
2528,135271.920358756
2529,139105.238477732
2530,124391.463750683
2531,246474.193666019
2532,230980.09631882
2533,196313.831284351
2534,226704.974096668
2535,311179.149281617
2536,253357.144200753
2537,245504.067933316
2538,182654.815383999
2539,191734.219850593
2540,173925.979504487
2541,182917.295813104
2542,167033.015361184
2543,122346.915303505
2544,124977.020145647
2545,140415.844149359
2546,141230.582864548
2547,135637.71407115
2548,142498.083253119
2549,155326.987224304
2550,205449.872508138
2551,138421.551413075
2552,126292.776291528
2553,72240.7501818675
2554,112105.859253025
2555,114666.257254519
2556,97071.8320719356
2557,106577.923608463
2558,164580.491189563
2559,130678.65815978
2560,138240.231832896
2561,126996.185770833
2562,132570.330730705
2563,142168.587730951
2564,189933.160462088
2565,132365.346898878
2566,155554.112646738
2567,126753.745480629
2568,197459.725340461
2569,218589.087504131
2570,116224.528389909
2571,192831.200971995
2572,162363.714693354
2573,226755.9947483
2574,265791.763902977
2575,134447.694259731
2576,130977.857723242
2577,150014.578251762
2578,88856.3855540382
2579,67136.2769461125
2580,127899.079817845
2581,119185.142239797
2582,126400.186156223
2583,279018.971379271
2584,173974.991518914
2585,184098.148529676
2586,235680.699047611
2587,200829.558996165
2588,151874.477649988
2589,148076.331987718
2590,205281.830004797
2591,243789.063234456
2592,219813.237978514
2593,254213.922270933
2594,181274.090461492
2595,201073.568891268
2596,316838.024365207
2597,177111.108536547
2598,282678.631173352
2599,318555.911017923
2600,169776.173096132
2601,145812.38591795
2602,83101.4473792682
2603,94197.1495266148
2604,87544.9813207446
2605,74645.8848903662
2606,147153.162224692
2607,186916.204083318
2608,230492.507559284
2609,162647.091864824
2610,110267.089910649
2611,139762.233615983
2612,161089.452513198
2613,138834.854495757
2614,132436.695013764
2615,153320.927759558
2616,143855.303075456
2617,180203.70103174
2618,221499.899220616
2619,193262.078762919
2620,182059.825064337
2621,181046.221997836
2622,185673.262153886
2623,247500.692643084
2624,300737.905794224
2625,322170.992312688
2626,167022.802564741
2627,164146.18664021
2628,469052.276662795
2629,473616.031502293
2630,352432.856706062
2631,481156.84485544
2632,443437.977121694
2633,315080.604497897
2634,423662.583053035
2635,159515.913274737
2636,185327.202679477
2637,172551.802885853
2638,279090.607514201
2639,197758.256951062
2640,158341.076143386
2641,102065.562437166
2642,200576.578608053
2643,105100.238039822
2644,128068.44246058
2645,105732.734632116
2646,91361.3636839427
2647,103281.416012741
2648,137405.415192315
2649,142877.758122479
2650,137060.08872645
2651,136090.824101594
2652,437695.448435183
2653,264694.259513958
2654,269870.087816444
2655,396662.329395147
2656,317208.224349578
2657,350180.16726564
2658,304020.714008278
2659,301458.650767029
2660,348830.54648705
2661,359413.320944488
2662,365260.093316819
2663,298616.697741915
2664,269267.039157847
2665,329462.240257607
2666,279295.331120542
2667,169748.215419199
2668,186481.36651354
2669,182951.5316556
2670,283697.980696158
2671,186168.362154368
2672,189607.293175281
2673,206127.482735237
2674,209208.329143446
2675,164396.13602721
2676,191475.810936653
2677,198858.238858711
2678,277113.404590372
2679,274567.878841795
2680,283529.844741313
2681,442040.745605311
2682,338573.049861677
2683,527498.599629496
2684,299109.702374289
2685,344512.083535348
2686,261310.418730054
2687,347074.793740713
2688,223211.25189629
2689,203429.210462141
2690,476983.844808907
2691,189809.897832236
2692,133961.931380558
2693,194167.129512922
2694,144505.851732742
2695,190875.029221369
2696,183909.002821197
2697,185184.077819066
2698,201233.121401961
2699,178369.353563339
2700,152423.013086842
2701,154317.465557473
2702,112456.130977895
2703,129517.432703475
2704,143706.131307722
2705,119981.169225944
2706,116125.384840336
2707,125891.521030733
2708,136572.947318839
2709,112918.681541209
2710,128201.018680997
2711,311460.493459192
2712,404402.52915257
2713,166396.335118419
2714,147966.407536554
2715,166861.366178407
2716,146080.553255141
2717,176331.267108214
2718,221272.365959778
2719,166668.037918425
2720,177202.672586097
2721,136317.708156421
2722,156804.051903164
2723,151507.805752146
2724,126206.672338063
2725,134348.499384907
2726,147886.773322816
2727,181668.364804012
2728,164529.176538712
2729,148194.95998118
2730,151180.259855912
2731,128441.200786573
2732,123273.528001099
2733,165048.823519812
2734,152428.846988733
2735,133604.778605428
2736,140499.241537673
2737,123618.669317776
2738,131499.365921915
2739,162350.029708929
2740,138697.21129853
2741,140401.399660085
2742,153294.669853711
2743,138964.866983572
2744,159887.00505979
2745,144788.604593683
2746,141175.132073572
2747,142164.966595615
2748,123445.485039391
2749,128175.267430484
2750,141766.446803558
2751,143616.20059207
2752,210455.405025732
2753,160078.828801292
2754,241675.688200666
2755,132770.897891813
2756,103293.486815643
2757,72542.5733253909
2758,82801.6120496225
2759,148926.929670904
2760,119630.406036094
2761,142047.190241873
2762,147263.983754841
2763,197592.643359951
2764,150773.561497011
2765,267561.048568296
2766,147731.994082747
2767,88258.4422349431
2768,127539.485195129
2769,125319.168051831
2770,153030.379517688
2771,115524.213619509
2772,120073.478799481
2773,163143.798539398
2774,142451.184312001
2775,120332.726119738
2776,144987.355324441
2777,142219.758696324
2778,112573.677794769
2779,121667.023912368
2780,98588.8335154803
2781,97652.1656971073
2782,85597.6155840162
2783,99560.8553083254
2784,124078.515142111
2785,137685.109092991
2786,70380.3308913156
2787,130766.531505783
2788,73300.8091406234
2789,176447.04605979
2790,95083.0900708817
2791,114427.590087429
2792,64016.305542367
2793,171163.43549054
2794,97800.8130371734
2795,118297.278164414
2796,100778.341548429
2797,210240.729124753
2798,116162.890515137
2799,110890.762085562
2800,64041.1553071811
2801,109622.188038909
2802,136353.937845864
2803,154929.883580882
2804,145316.017007176
2805,98891.0127696169
2806,73841.9627153002
2807,155161.526655746
2808,149574.745894555
2809,139492.787804051
2810,133972.010644203
2811,154775.984757106
2812,145718.78326063
2813,142286.593507832
2814,143981.158065936
2815,112468.86459384
2816,262602.665480716
2817,153372.36351936
2818,131288.161209074
2819,154991.219841218
2820,134248.379792358
2821,103236.031490494
2822,207356.693566537
2823,297283.898384298
2824,179965.974405045
2825,151664.052294813
2826,137278.025006521
2827,139198.705702415
2828,251222.282484392
2829,199450.274847651
2830,244187.886500313
2831,178414.303493867
2832,258877.039845548
2833,301582.50048196
2834,216685.631273431
2835,211328.849969347
2836,191391.096579222
2837,166643.606307685
2838,155526.808049446
2839,177734.392135459
2840,196123.555795544
2841,211684.640669345
2842,235778.366872179
2843,145666.879350079
2844,165705.275213586
2845,125063.572319933
2846,213956.744534594
2847,197348.918048828
2848,226947.620519082
2849,204343.391512754
2850,292157.26416889
2851,251100.88232581
2852,247511.523868346
2853,234009.535958906
2854,142386.661374793
2855,206338.417120588
2856,203106.663536121
2857,188777.912563163
2858,205549.908426269
2859,121185.432073526
2860,130780.691201574
2861,134115.304276933
2862,181220.914372279
2863,126721.606331246
2864,247298.751526397
2865,142060.297241218
2866,153937.150953655
2867,99412.6423727887
2868,102580.136304237
2869,123306.784167773
2870,135680.975612728
2871,84746.4261905216
2872,47375.0309534545
2873,112517.784908305
2874,142690.865918962
2875,126859.0025217
2876,156910.041318297
2877,134861.691003823
2878,171112.651266859
2879,138406.287095373
2880,102692.452936616
2881,160736.786419017
2882,167805.731885899
2883,181322.313521328
2884,194753.61645038
2885,185664.341839267
2886,220890.680390154
2887,112805.06863915
2888,137307.913921446
2889,50561.7969151324
2890,82130.7739188352
2891,138041.296451818
2892,65356.6609489991
2893,96869.0359965722
2894,62556.6800676053
2895,310210.13583808
2896,272422.898643313
2897,206851.797162703
2898,147409.238317876
2899,217238.048303241
2900,162936.912870858
2901,227609.541590035
2902,196673.502003431
2903,336510.602693295
2904,346977.121373976
2905,115646.510860947
2906,195951.838816738
2907,106861.206977615
2908,135115.999759543
2909,147528.152436964
2910,76201.0179514706
2911,83137.9013910272
2912,147612.048425669
2913,90630.3130207756
2914,76826.879011366
2915,85962.8791692106
2916,87830.6795320728
2917,178433.60497704
2918,119952.3980516
2919,221285.362185968
